{"cameraMode":{"drawMode":0,"name":"Shaded","section":"Shading Mode"},"sceneLighting":false,"audioPlay":false,"sceneViewState":{"showFog":true,"showMaterialUpdate":false,"showSkybox":false,"showFlares":true,"showImageEffects":true,"showParticleSystems":true},"in2DMode":false,"pivot":{"x":4.362460136413574,"y":2.7002694606781008,"z":1.3709466457366944},"rotation":{"x":0.025564612820744516,"y":0.7034615874290466,"z":-0.025335567072033883,"w":0.7098214030265808},"size":5.248989582061768,"orthographic":false}