{"cameraMode":{"drawMode":0,"name":"Shaded","section":"Shading Mode"},"sceneLighting":false,"audioPlay":false,"sceneViewState":{"showFog":true,"showMaterialUpdate":false,"showSkybox":false,"showFlares":true,"showImageEffects":true,"showParticleSystems":true},"in2DMode":false,"pivot":{"x":0.13121086359024049,"y":1.9570845365524293,"z":1.0271739959716797},"rotation":{"x":0.025564612820744516,"y":0.7034615874290466,"z":-0.025335567072033883,"w":0.7098214030265808},"size":3.203789234161377,"orthographic":false}