{"cameraMode":{"drawMode":0,"name":"Shaded","section":"Shading Mode"},"sceneLighting":true,"audioPlay":false,"sceneViewState":{"showFog":true,"showMaterialUpdate":false,"showSkybox":true,"showFlares":true,"showImageEffects":true,"showParticleSystems":true},"in2DMode":false,"pivot":{"x":6.896324634552002,"y":1.2259516716003419,"z":-0.04514050483703613},"rotation":{"x":0.00037791140493936837,"y":0.9992972016334534,"z":-0.03599025309085846,"w":0.010493006557226181},"size":0.3529101014137268,"orthographic":false}