{"cameraMode":{"drawMode":0,"name":"Shaded","section":"Shading Mode"},"sceneLighting":false,"audioPlay":false,"sceneViewState":{"showFog":true,"showMaterialUpdate":false,"showSkybox":false,"showFlares":true,"showImageEffects":true,"showParticleSystems":true},"in2DMode":false,"pivot":{"x":-0.09672893583774567,"y":0.12896974384784699,"z":0.5411315560340881},"rotation":{"x":0.025564612820744516,"y":0.7034615874290466,"z":-0.025335567072033883,"w":0.7098214030265808},"size":1.0974780321121216,"orthographic":false}