{"cameraMode":{"drawMode":0,"name":"Shaded","section":"Shading Mode"},"sceneLighting":false,"audioPlay":false,"sceneViewState":{"showFog":true,"showMaterialUpdate":false,"showSkybox":false,"showFlares":true,"showImageEffects":true,"showParticleSystems":true},"in2DMode":false,"pivot":{"x":0.057640284299850467,"y":0.7859893441200256,"z":-0.2823391556739807},"rotation":{"x":0.025564612820744516,"y":0.7034615874290466,"z":-0.025335567072033883,"w":0.7098214030265808},"size":0.947539746761322,"orthographic":false}