{"cameraMode":{"drawMode":0,"name":"Shaded","section":"Shading Mode"},"sceneLighting":false,"audioPlay":false,"sceneViewState":{"showFog":true,"showMaterialUpdate":false,"showSkybox":false,"showFlares":true,"showImageEffects":true,"showParticleSystems":true},"in2DMode":false,"pivot":{"x":0.09801673144102097,"y":1.4456830024719239,"z":0.6522080302238464},"rotation":{"x":0.025564612820744516,"y":0.7034615874290466,"z":-0.025335567072033883,"w":0.7098214030265808},"size":2.964796304702759,"orthographic":false}